{"world":"LOBBY1vs1","x":-6.617593325463648,"y":51.0,"z":-3.4987003193381145,"pitch":-18.599995,"yaw":-238.94986}