{"world":"Lobby","x":0.6396254173268627,"y":67.0,"z":3.0378287179197137,"pitch":-22.049917,"yaw":-355.50836}